Model,MSE,MAE,R2
Linear Regression,286.96597265691895,11.316661079644575,0.9963251640351629
Random Forest,83466.74819879704,192.5181203217127,-0.06886055273055991
